chart_id,source_filename
1,001_Albion.jpg
2,002_RaftRiver.jpg
3,003_Strevell.jpg
4,004_CurlewValley.jpg
5,005_GooseCreek.jpg
6,006_GrouseCreek.jpg
7,007_BlueSpring.jpg
8,008_Portage.jpg
9,009_TerraceMountain.jpg
10,010_Hogup.jpg
11,011_Lucin.jpg
12,012_LemayIsland.jpg
13,013_PilotRange.jpg
14,014_CraterIsland.jpg
15,015_SilverIsland.jpg
16,016_Wendover.jpg
17,017_Newfoundland.jpg
18,018_Promontory.jpg
19,019_Lakeside.jpg
20,020_CedarMountains.jpg
21,021_Clarkston.jpg
22,022_Preston.jpg
23,023_BrighamWellsville.jpg
24,024_Logan.jpg
25,025_Ogden.jpg
26,026_Huntsville.jpg
27,027_BearLake.jpg
28,028_CrawfordMtns.jpg
29,029_MonteCristo.jpg
30,030_AnschutzRanch.jpg
31,031_WeberCanyon.jpg
32,032_Coalville.jpg
33,033_Bingham.jpg
34,034_SaltLake.jpg
35,035_Provo.jpg
36,036_Charleston.jpg
37,037_SouthOquirrh.jpg
38,038_LakeMountains.jpg
39,039_EastTinticMountains.jpg
40,040_Goshen.jpg
41,041_GoldHill.jpg
42,042_FishSprings.jpg
43,043_Dugway.jpg
44,044_Stansbury.jpg
45,045_DeepCreek.jpg
46,046_SnakeRange.jpg
47,047_BurbankHills.jpg
48,048_ConfusionRange.jpg
49,049_Ibex-CrystalPeak.jpg
50,050_HouseRangeNorth.jpg
51,051_Drum-LittleDrumMtns.jpg
52,052_CricketMtns.jpg
53,053_ThomasRange.jpg
54,054_Simpson.jpg
55,055_Gilson.jpg
56,056_MillsSageValley.jpg
57,057_CanyonRangeThrust.jpg
58,058_PahvantThrust.jpg
59,059_Fillmore.jpg
60,060_Richfield.jpg
61,061_MtNebo.jpg
62,062_SpanishForkCanyon.jpg
63,063_Moroni.jpg
64,064_Fairview.jpg
65,065_SanpitchMountains.jpg
66,066_WasatchPlateau.jpg
67,067_Redmond.jpg
68,068_SalinaCanyonMouth.jpg
69,069_UintaBasin.jpg
70,070_Uinta Basin Maps.jpg
71,071_DuchesneRiver.jpg
72,072_UintaBasin.jpg
73,073_FlamingGorge.jpg
74,074_DinosaurMonument.jpg
75,075_Bonanza.jpg
76,076_GrandJunction.jpg
77,077_HelperPrice.jpg
78,078_Sunnyside.jpg
79,079_BookCliffs.jpg
80,080_Cisco.jpg
81,081_SoldierSummit.jpg
82,082_WasatchPlateau.jpg
83,083_UpperSalina.jpg
84,084_SanRafaelSwell.jpg
85,085_MountainHome.jpg
86,086_IndianPeakNeedleRange.jpg
87,087_WahWahMountains.jpg
88,088_FriscoBeaverLakeMts.jpg
89,089_BullValley.jpg
90,090_BlueMtn.jpg
91,091_StarRange.jpg
92,092_MineralMountains.jpg
93,093_BeaverManderfield.jpg
94,094_SouthernTusharMtns.jpg
95,095_Marysvale.jpg
96,096_Antimony.jpg
97,097_LoaFishLake.jpg
98,098_CapitalReef.jpg
99,099_Hanksville.jpg
100,100_Henry.jpg
101,101_IronMines.jpg
102,102_PineValley.jpg
103,103_BeaverDam.jpg
104,104_StGeorge.jpg
105,105_ZionPark.jpg
106,106_Kanab.jpg
107,107_Panguitch.jpg
108,108_GrandCanyon.jpg
109,109_Escalante.jpg
110,110_GlenCanyon.jpg
111,111_Hite.jpg
112,112_LowerSanJuan.jpg
113,113_Moab.jpg
114,114_CanyonLands.jpg
115,115_Monticello.jpg
116,116_MexicanHat.jpg
117,117_Kings Peak.jpg
118,118_VernalNW.jpg
119,119_DryForkSteinaker.jpg
120,120_Phil Pico Mountain.jpg
121,121_Agency Draw.jpg
122,122_Desert Mountain.jpg
123,123_NaturalBridges.jpg
