chart_id,source_filename,bytes,sha256
1,001_Albion.jpg,1234949,4f9355963a850fc1280d5d0d9cbd67e589f18474dee0d9df12512b7fc6195fb9
2,002_RaftRiver.jpg,1233261,78d79d99635ae96e960e6a66afb9fb35860b597b21b70f8111e3e0b2e303b4e4
3,003_Strevell.jpg,1044299,153552f967b4619d28f2fdf2a00025ea6c54add99542528e69977787ad6e93a8
4,004_CurlewValley.jpg,1163166,8455273d78f8386e149dc5a48b1acd38de2de544b9452c80649045cc3268c90f
5,005_GooseCreek.jpg,1153710,cc7dadc2f9aedff5069714f519e8b55158bb16ef913ae72fa41b3d2d43605ec1
6,006_GrouseCreek.jpg,1411469,a8c6cd5a96fb1dc563749a95087764258eb9d75d1b9ff2b2b02bfe7b9cd13176
7,007_BlueSpring.jpg,958613,65ce17f3bfb997973845592f0d2cc59093f8c2881dfb5f8c8fbb1bba496da99e
8,008_Portage.jpg,1211776,af28c2f822c9d71961c3c10e8fbf88d76449137d849d18bb4f28fffdd1947701
9,009_TerraceMountain.jpg,808433,08ddf7ec7c6391b14b650f7e2bfedbdd10d262128ae33174f0d0c6f74631254d
10,010_Hogup.jpg,822051,b9c62aeefd194e4d7268063f61178d7dad651865c48bebe44a679f5650fd24eb
11,011_Lucin.jpg,1141530,a6cf23a80d6d4faa21d0b1bc8b7026532b8fa1e9e0821c7ba38179628b17c2de
12,012_LemayIsland.jpg,834461,bf14a69d28218e35f6c5630cf5d121faae0944a8c8b3ce59b24b8a330d4bc49b
13,013_PilotRange.jpg,1242500,115ecf71b98d8c4eb72f068e8f4f8836539479594235e1da508467bc3caaa87e
14,014_CraterIsland.jpg,1140873,d2eb3df92cf4b64bd782a8ce73ee2ca165781b2dcb3448f4bb05b9bdc1273628
15,015_SilverIsland.jpg,1259015,7d8b6cac2f2692349fa0d5cae10db2c604409f4a675d9fcc9fd5d812ff688939
16,016_Wendover.jpg,985568,789625cd680987c82a6a906322c4640c1fb0dcc63b9601fde490c754e4b78d1e
17,017_Newfoundland.jpg,971012,91eb4587f308bbb67d7ad8277344567e5ccce54a96b37e6560e0df952a580769
18,018_Promontory.jpg,1353570,0a3278bbbc113c2e501a7dcaead005b516c449a4beda542b2f718161cbbe1587
19,019_Lakeside.jpg,1404931,79223b1b99aaeb20d910c36ae0f63d23a54b65e73669f29385a93e7e28eb6b43
20,020_CedarMountains.jpg,857555,d1f6cce4fd804d49b75dcda62716b1f8dba5b062be792d9e3c88dc2837977f4a
21,021_Clarkston.jpg,1251616,da48d8e2b3e31964232ea7542643e9c3a612e7024a2b841d405d958a479b1e68
22,022_Preston.jpg,1671771,d2620c9fe9ac68d78e213f97562ea444e155dc71fa5faf273fd89afe99b8c555
23,023_BrighamWellsville.jpg,1332633,1e8c039f82fde5b2d3fd7f1eb685b29e5ff4b1190a7aad1f604716a6885bf45c
24,024_Logan.jpg,1530032,34019c3ef66aa52344db2ec1a053350bef61e48d1a6b6e82eb368dc5db14255b
25,025_Ogden.jpg,1335810,5d6816da72cf93f047f8b1f5a00b6693365ab2ec7de987d5a1842aea8bca6501
26,026_Huntsville.jpg,1389160,5b8efc1a0898e64bf13cf3f38b0c4ccc123ee83d1d4b02fabf21809add6b7261
27,027_BearLake.jpg,1620889,5949c193f8e3bd1d1235d9b30c9f7a38d2853a911df08f07290e175879813d88
28,028_CrawfordMtns.jpg,1335270,af1a18ae97e39d07c78798901032cf3337b3e975fb001f00af3832950e9e36c9
29,029_MonteCristo.jpg,1954798,3f7ea6bdfc36918a49f0dfb3e691e7a7a0ee596f994e6f78bf57dced11606076
30,030_AnschutzRanch.jpg,1312476,f3788fb8be3a9ffd4b5645e84c89660abf7e7c37edf821e6dccbbff06a65a174
31,031_WeberCanyon.jpg,1813415,f5a138bd51cb9f120dc48ee61889846b579c3f895e1bd6a709fbdd3f5874b13d
32,032_Coalville.jpg,1512228,8552b8f72f7fc01886febf67a707f9756109b096f2ba24f249c02519c85f449e
33,033_Bingham.jpg,1343752,592c9eb82b92e9f38d622d13105ae4420701fc88224afcda00b2b61c99432083
34,034_SaltLake.jpg,1592434,e13b631749e5463a79bc89a07a7c883304d64ef827b0c233e25fbeea7274ec3d
35,035_Provo.jpg,1389144,783d61fa34e3c0754a938f247de6681a258e2975a9247359b89f70b865a5523f
36,036_Charleston.jpg,1401017,b32b761b53b7fbc5395e47d36fde33bb710de3ed32254c0e80e5e79338656396
37,037_SouthOquirrh.jpg,1396757,6932373feee37f3ef2038c03d14262a8de412f82afc0a333b510599052ea6164
38,038_LakeMountains.jpg,1498123,45a016390d64e3380c5cca34f8082f4be100c61b397bdb01b0d416023716ac02
39,039_EastTinticMountains.jpg,1603296,92f0bfdfb4b2ea1eb9d3b46fd054043a13485f9939e4deb06d8b41144257bd98
40,040_Goshen.jpg,1057637,bb072e1796cebfeda6441b8fc00198f76d83f595b9bd4be196e8eff4790d6eb5
41,041_GoldHill.jpg,1501271,dfca2b12d7110ef011df3707e7d43e62d057ebdd549727d3e7f63c78a4fb2f6b
42,042_FishSprings.jpg,1269065,f6bfbd0654210f8600a6a4d04281a075052dd3dd40fcbb8bbbd7da6b6851b37c
43,043_Dugway.jpg,1425729,4e6b3eb54ae5530553548a1653392685009723cc729193680d9abb0d326a8029
44,044_Stansbury.jpg,1525705,2b8cd07d486d01005e83d0cc0da757c704bfe023e19560b5c8e73dbfe5e8ed9f
45,045_DeepCreek.jpg,1447926,167a571dff3d5f21e6f5cc3e135aad33ee7b2af6caef326fabc3b9bf894b2135
46,046_SnakeRange.jpg,1596364,24c3d22114bbf7741afa0f947879b6fba065ad944b24fb38b9a1c37e29e517ae
47,047_BurbankHills.jpg,1393853,f081d87fb5908efd81b6816ea7152f739e39858dcb2b3d44ed02f19a4e1efc9c
48,048_ConfusionRange.jpg,1429836,7b0c61311f10d23d5144212d75d77b139113fcc02df7a079ce87ada94673b148
49,049_Ibex-CrystalPeak.jpg,1451724,e899e210c4cb649179e6739f456462f1734e17347cfba5f5779b778191e79935
50,050_HouseRangeNorth.jpg,1581905,8aa296020a5f5c268222e60744e73e7e51d0f0508777f9d785386341b87c930e
51,051_Drum-LittleDrumMtns.jpg,1596347,b74e08cd0a041e6d479a1182caeb7297f9661f5ca4536561dce40bc5d8763eda
52,052_CricketMtns.jpg,1749753,f21a93cca830d3de624d6fd4b214c42e1def97ad455c734ca879320e5bef0257
53,053_ThomasRange.jpg,1317583,ae3a399155e517b78fefbfb6cdd0dacc0d4a71f18ef40cf83098b5baeac1e6ff
54,054_Simpson.jpg,1439594,6f4cd730020b3a3c048e16ca0f2c774b9a3f9a793ef74ad287b6311e99cbd1a7
55,055_Gilson.jpg,1125219,f61aefc0b8b68fd0852e95633b58c0718d2709466575875e1956778a38420941
56,056_MillsSageValley.jpg,1333225,ee086dc77f5baca7670b33a6a6c3a7f77f1fa38ca360863b0ef8148d41630843
57,057_CanyonRangeThrust.jpg,1415112,bac119276480e799da61f0a435365520909e9ae4f21754e44daf867d33f1b6b5
58,058_PahvantThrust.jpg,1293076,b0892aba548200273b4fbf66d7e3813fcd99d5b65050a422117af2e18714e3cb
59,059_Fillmore.jpg,1498553,370e5147b42aef3881849027143ade1be97447b98a558133e48241b24c19c6c4
60,060_Richfield.jpg,1155533,63ffcd7bf3f7528ec2bff4d363a1a188701504b99acb2a1e35fcd138906a7d7f
61,061_MtNebo.jpg,1338088,b8c51d385aa4ec7a1521dc0883fab8a658e49f3c502c3128856cfb8018e3c659
62,062_SpanishForkCanyon.jpg,1407087,53a95599e0eaf259668ce01806f482c176adb1bfd498ef87b4eaa1c9cd38da5b
63,063_Moroni.jpg,1092591,5034fb83c97889e7cc63fd5d9e510e42ef95e1bed3d5ce82d0546327f4a3c666
64,064_Fairview.jpg,1323049,3c5bd4415fad6b24fc7e28435757c10f30900b49f2c58f397425ada1ddf09b25
65,065_SanpitchMountains.jpg,1689539,4edd0d97acf1a2b842d592152dcb2e0a0387dfdfe0b9dbd1039d2eebb6314bff
66,066_WasatchPlateau.jpg,1423080,cf61b0920a05063450bb9410c39bd8d2e68c285b029972b58f83687fe771bd37
67,067_Redmond.jpg,1458296,75f017d6b3431f3269690796b7538b46aafd9440f5cc689cf30a0ee85df57985
68,068_SalinaCanyonMouth.jpg,1224508,8e5f24aea42dd8ed81406160db3656c55b6d1f71dd0e9c8362346758f25ec33f
69,069_UintaBasin.jpg,1181515,d821a26bbf182bfc4e30fcb8cc1f10988d272a5d62313b4135d536df85d3e986
70,070_Uinta Basin Maps.jpg,1863689,7f533a87b6059bdabeea6c1842e533cf64af7302953634b0af51627aabb3eb35
71,071_DuchesneRiver.jpg,1558522,29bce223e97a4ec4d94f2bde4b0cc8234a53a64a091a5b13a98fbda5a291f3b8
72,072_UintaBasin.jpg,1373562,2fad4be02057bcf1bec0d54743b3eeb230f098474c7441e27f527ddff5dedb90
73,073_FlamingGorge.jpg,1587692,c59ae4a200dae35164650879268087692fb0f7b51bcec5d0ed2d7891ea435b91
74,074_DinosaurMonument.jpg,1507769,45ad590de86c92c998e2b81af77ef9335e17f4a489f4d8531a6f3dfda3da6393
75,075_Bonanza.jpg,1322637,2e3bdae79a39de533cb16f8631272522d85cdc45cedb3b088388f665532aee62
76,076_GrandJunction.jpg,1255118,6072cc20b6a682ab174b55bfff06329773f5ef45d9611ee5bab13cd5d5dc3d1b
77,077_HelperPrice.jpg,1582872,66c533e96fe65e1d354d120a2b063f3a6a7a5e0846137dd7d7072e0d82146531
78,078_Sunnyside.jpg,1655167,cdc8e243b3872fa3b4f4301669f720b93ab5a1d66c5fa4bb41e3c164f440bbea
79,079_BookCliffs.jpg,1661617,ef68b4c83fd2f9a7ddc34b2fb232ee85a7943270df6a3245b36c9223377ea174
80,080_Cisco.jpg,1444618,1c17b67e73ee31121587477c38dc8f9f7aaee796d0cb62e8951234ccd75cf3f4
81,081_SoldierSummit.jpg,1014778,7ea0ccc00f1c18f19995ecdf79ea96d6b6f1e0eb1c2b8378d836c839dec59dcd
82,082_WasatchPlateau.jpg,1472907,969c30e35e855543b8819e27732b3d7123886e1d33006d4f482c49e63f711f2e
83,083_UpperSalina.jpg,1347470,928748ad6157c32ab75d535e33766b131306128e9b20e978497c4af6099ab5c4
84,084_SanRafaelSwell.jpg,1610505,39a28c2c947fc13d5573c3ea73f031b01e440d74a238375caa115d323f9436c6
85,085_MountainHome.jpg,1154510,6c10f0bbfaccf405f6efe440eda5a26260b35a074391ea209e1afc1d43b9c9cb
86,086_IndianPeakNeedleRange.jpg,1273457,7eb4d80d7a346f86728d8f970bb1839cbaea2c3db059a648a7a58fa988291f90
87,087_WahWahMountains.jpg,1473386,9bb8abe44f778ad07c16014305ffa4c1ebba2047ae4cda23cd867fcf2ac8abf3
88,088_FriscoBeaverLakeMts.jpg,1259899,53d03260fd6d469c103bc13092e0eddf53672d39ddee2e9a905504010f019b13
89,089_BullValley.jpg,1253604,2cc326cd03a04297903aebc85991579b9ed96587b3193661cda4c13826411f18
90,090_BlueMtn.jpg,1483354,1338a317bdbb39799ad156f55f8273cde3e19b6fece96384b3d6a5d8c5383f29
91,091_StarRange.jpg,1445113,7e5e9733677ba65a20c7407a31f869429df4496ca3fa1c9a7392ae4773167ca8
92,092_MineralMountains.jpg,1452803,9b29a677dd09266e53fe16c8f6a9c78aaaf207525c94aa0529b1c0df51fc538f
93,093_BeaverManderfield.jpg,1001178,e583a40019a6d981addaedac8a5c678b46d54f6b67ca4084985d64a62cb59e39
94,094_SouthernTusharMtns.jpg,1180559,48d521a076580de91e30fbad666e4f2db3f814056e048ffa99c9c31df7121d82
95,095_Marysvale.jpg,1325576,93100d014645976b5c4d9fbd6ba5dd84005671dde264272ef67d7ba350856704
96,096_Antimony.jpg,1293734,c47288fc2575b50618a9343f327f976461b97497c3e70c5bb7f84e4a6cd25013
97,097_LoaFishLake.jpg,1487717,ad94857bfbb14f120a736948b637b2e41c11adf214f10c79ecd2b70c59ad3208
98,098_CapitalReef.jpg,1531634,5d8b747161980afe5afd16b4d3a0b9a25cca8a1fdcab650828817fc886def99e
99,099_Hanksville.jpg,1431900,8d47e673600a3379c1fa015d443e450ebefe2c5d4735cafad1c6b4c1417c7646
100,100_Henry.jpg,1516653,56a75ba9fd0d6d5f95eaa73bf970142168a6fe70a33e968b6b19d4a4c88dc148
101,101_IronMines.jpg,1816907,783f27f4bdd4ea689e92ba9dccffe7f4aabb1216c82a093c9ecf0c002f017acb
102,102_PineValley.jpg,1463033,bd1a4b722a54e6a6198a9a2e4c18fcb413170ac335ae99e264d0a953691bf4a5
103,103_BeaverDam.jpg,1612887,e525cc5416d4a7580347b7eff1fa6077fbf2ae949a144e28fa198181b8937823
104,104_StGeorge.jpg,1445168,fae004ab3e0bc64944f51fc53ea984b48bd45f5101e10e0bafbf944b9d8720ac
105,105_ZionPark.jpg,2015088,cf4dac5f3c71bdddbcc8464cd0f00fde5eafa944f84e0dc18ff5ff6f29fe30c6
106,106_Kanab.jpg,1941953,cd74e44ab3d104062cf484db50a3a7ea80598f3bdfe37f92d74307d336e5d1ef
107,107_Panguitch.jpg,1814898,490328403f85ac2637792b151bc2a978ff2bc9a8b587f9299b5b7d03d3d6b054
108,108_GrandCanyon.jpg,1749991,bf03e9d29104d0df1ff4f0f064c86db3bb0a2546857219d30a8b6e37c07f117d
109,109_Escalante.jpg,1738564,fdcc2d79006fae57e04e39638ff4cd10babf402d1923c51fe983709ad8d33bef
110,110_GlenCanyon.jpg,1475303,61ffad3f80a1910e858955cc2dac5c1f860a01ac01e50b804303d62833029b79
111,111_Hite.jpg,1482662,54d009f917ca2063addb4fe43415120b3d13252fdbe433c50313cc0b16849f3b
112,112_LowerSanJuan.jpg,1532716,16f6c90d9262337cadaf9490c25c9d4ed9378e723a81fd40910a673924af8863
113,113_Moab.jpg,2003330,47b292d0eab37c1434fe1c68f3e9326ff14b76600beef0af71183338076203a5
114,114_CanyonLands.jpg,1561372,3a4ab67de5156afdd57ca9a19e78510858296d5c82199c021f57dd3101439846
115,115_Monticello.jpg,1661335,89a132c1045e73e91ac4d61e0f9377b627d1306c0ad63298a57b5aa49d1183e8
116,116_MexicanHat.jpg,1184176,b483f36522d051f7920b8d8ae6186b434d5468fabe3f7c04674bcaee8842ecdc
117,117_Kings Peak.jpg,660145,c3d664ac71602cb040677be82a70fbc09d7f009b7e8107b11a3df0ea1e18cf0e
118,118_VernalNW.jpg,1012636,522b0efdee3e670c802f31f456e9c64cadd19b0718d7162a17aba19ab6d89dae
119,119_DryForkSteinaker.jpg,1252525,d81e1b9a2aac13df3ef86dce93951c43885a4748dddd5e92bd376e793ba40ed4
120,120_Phil Pico Mountain.jpg,1705404,e6803978d2a270199ac93188bfadc43f4dd4410f81f53a4ee0aa36cc9da24fda
121,121_Agency Draw.jpg,915801,53b16af79d037a92f995c4ff067831656e09e87c0386e1b4eb4053f8bd528634
122,122_Desert Mountain.jpg,516875,3d28f3521ce574a540812ecec40d43c9a0964bd4d47c6492650cb1ae62961fad
123,123_NaturalBridges.jpg,1044269,2e1d9d0d591a17fbeb2ed3b7c58a43153bae6e3f53e4dd9e1993b29f368007db
